keyword,canonical_url,category,priority,weekly_impressions,weekly_clicks,ctr,average_position,naver_indexed,google_indexed
"서울 동물약국","https://pet.dudle.co.kr/pharmacy/seoul","PHARMACY_REGION","P0","","","","","",""
"부산 동물약국","https://pet.dudle.co.kr/pharmacy/busan","PHARMACY_REGION","P0","","","","","",""
"서울 동물병원","https://pet.dudle.co.kr/hospital/seoul","HOSPITAL_REGION","P0","","","","","",""
"인천 동물약국","https://pet.dudle.co.kr/pharmacy/incheon","PHARMACY_REGION","P0","","","","","",""
"대구 동물약국","https://pet.dudle.co.kr/pharmacy/daegu","PHARMACY_REGION","P0","","","","","",""
"대전 동물약국","https://pet.dudle.co.kr/pharmacy/daejeon","PHARMACY_REGION","P0","","","","","",""
"수원 동물약국","https://pet.dudle.co.kr/pharmacy/gyeonggi/r-41110","PHARMACY_REGION","P0","","","","","",""
"성남 동물약국","https://pet.dudle.co.kr/pharmacy/gyeonggi/r-41130","PHARMACY_REGION","P0","","","","","",""
"강남구 동물약국","https://pet.dudle.co.kr/pharmacy/seoul/r-11680","PHARMACY_REGION","P0","","","","","",""
"부산 동물병원","https://pet.dudle.co.kr/hospital/busan","HOSPITAL_REGION","P0","","","","","",""
"울산 동물약국","https://pet.dudle.co.kr/pharmacy/ulsan","PHARMACY_REGION","P0","","","","","",""
"용인 동물약국","https://pet.dudle.co.kr/pharmacy/gyeonggi/r-41460","PHARMACY_REGION","P0","","","","","",""
"인천 동물병원","https://pet.dudle.co.kr/hospital/incheon","HOSPITAL_REGION","P0","","","","","",""
"창원 동물약국","https://pet.dudle.co.kr/pharmacy/gyeongnam/r-48120","PHARMACY_REGION","P0","","","","","",""
"전주 동물약국","https://pet.dudle.co.kr/pharmacy/jeonbuk/r-52110","PHARMACY_REGION","P0","","","","","",""
"대구 동물병원","https://pet.dudle.co.kr/hospital/daegu","HOSPITAL_REGION","P0","","","","","",""
"송파구 동물약국","https://pet.dudle.co.kr/pharmacy/seoul/r-11710","PHARMACY_REGION","P0","","","","","",""
"제주 동물약국","https://pet.dudle.co.kr/pharmacy/jeju","PHARMACY_REGION","P0","","","","","",""
"서초구 동물약국","https://pet.dudle.co.kr/pharmacy/seoul/r-11650","PHARMACY_REGION","P0","","","","","",""
"청주 동물약국","https://pet.dudle.co.kr/pharmacy/chungbuk/r-43110","PHARMACY_REGION","P0","","","","","",""
"천안 동물약국","https://pet.dudle.co.kr/pharmacy/chungnam/r-44130","PHARMACY_REGION","P0","","","","","",""
"해운대구 동물약국","https://pet.dudle.co.kr/pharmacy/busan/r-26350","PHARMACY_REGION","P0","","","","","",""
"포항 동물약국","https://pet.dudle.co.kr/pharmacy/gyeongbuk/r-47110","PHARMACY_REGION","P0","","","","","",""
"수원 동물병원","https://pet.dudle.co.kr/hospital/gyeonggi/r-41110","HOSPITAL_REGION","P0","","","","","",""
"대전 동물병원","https://pet.dudle.co.kr/hospital/daejeon","HOSPITAL_REGION","P0","","","","","",""
"용인 동물병원","https://pet.dudle.co.kr/hospital/gyeonggi/r-41460","HOSPITAL_REGION","P0","","","","","",""
"성남 동물병원","https://pet.dudle.co.kr/hospital/gyeonggi/r-41130","HOSPITAL_REGION","P0","","","","","",""
"제주 동물병원","https://pet.dudle.co.kr/hospital/jeju","HOSPITAL_REGION","P0","","","","","",""
"세종 동물약국","https://pet.dudle.co.kr/pharmacy/sejong","PHARMACY_REGION","P0","","","","","",""
"강남구 동물병원","https://pet.dudle.co.kr/hospital/seoul/r-11680","HOSPITAL_REGION","P0","","","","","",""
"청주 동물병원","https://pet.dudle.co.kr/hospital/chungbuk/r-43110","HOSPITAL_REGION","P0","","","","","",""
"송파구 동물병원","https://pet.dudle.co.kr/hospital/seoul/r-11710","HOSPITAL_REGION","P0","","","","","",""
"창원 동물병원","https://pet.dudle.co.kr/hospital/gyeongnam/r-48120","HOSPITAL_REGION","P0","","","","","",""
"울산 동물병원","https://pet.dudle.co.kr/hospital/ulsan","HOSPITAL_REGION","P0","","","","","",""
"천안 동물병원","https://pet.dudle.co.kr/hospital/chungnam/r-44130","HOSPITAL_REGION","P0","","","","","",""
"춘천 동물약국","https://pet.dudle.co.kr/pharmacy/gangwon/r-51110","PHARMACY_REGION","P0","","","","","",""
"순천 동물약국","https://pet.dudle.co.kr/pharmacy/jeonnam-gwangju/suncheon","PHARMACY_REGION","P0","","","","","",""
"서초구 동물병원","https://pet.dudle.co.kr/hospital/seoul/r-11650","HOSPITAL_REGION","P0","","","","","",""
"여수 동물약국","https://pet.dudle.co.kr/pharmacy/jeonnam-gwangju/yeosu","PHARMACY_REGION","P0","","","","","",""
"전주 동물병원","https://pet.dudle.co.kr/hospital/jeonbuk/r-52110","HOSPITAL_REGION","P0","","","","","",""
"해운대구 동물병원","https://pet.dudle.co.kr/hospital/busan/r-26350","HOSPITAL_REGION","P0","","","","","",""
"포항 동물병원","https://pet.dudle.co.kr/hospital/gyeongbuk/r-47110","HOSPITAL_REGION","P0","","","","","",""
"부산 동물병원 진료비","https://pet.dudle.co.kr/cost/busan","COST_REGION","P0","","","","","",""
"청주 동물병원 진료비","https://pet.dudle.co.kr/cost/chungbuk/cheongju","COST_REGION","P0","","","","","",""
"천안 동물병원 진료비","https://pet.dudle.co.kr/cost/chungnam/cheonan","COST_REGION","P0","","","","","",""
"대구 동물병원 진료비","https://pet.dudle.co.kr/cost/daegu","COST_REGION","P0","","","","","",""
"대전 동물병원 진료비","https://pet.dudle.co.kr/cost/daejeon","COST_REGION","P0","","","","","",""
"수원 동물병원 진료비","https://pet.dudle.co.kr/cost/gyeonggi/suwon","COST_REGION","P0","","","","","",""
"성남 동물병원 진료비","https://pet.dudle.co.kr/cost/gyeonggi/r-41130","COST_REGION","P0","","","","","",""
"창원 동물병원 진료비","https://pet.dudle.co.kr/cost/gyeongnam/changwon","COST_REGION","P0","","","","","",""
"인천 동물병원 진료비","https://pet.dudle.co.kr/cost/incheon","COST_REGION","P0","","","","","",""
"제주 동물병원 진료비","https://pet.dudle.co.kr/cost/jeju","COST_REGION","P0","","","","","",""
"전주 동물병원 진료비","https://pet.dudle.co.kr/cost/jeonbuk/jeonju","COST_REGION","P0","","","","","",""
"세종 동물병원 진료비","https://pet.dudle.co.kr/cost/sejong","COST_REGION","P0","","","","","",""
"서울 동물병원 진료비","https://pet.dudle.co.kr/cost/seoul","COST_REGION","P0","","","","","",""
"강남구 동물병원 진료비","https://pet.dudle.co.kr/cost/seoul/r-11680","COST_REGION","P0","","","","","",""
"송파구 동물병원 진료비","https://pet.dudle.co.kr/cost/seoul/r-11710","COST_REGION","P0","","","","","",""
"울산 동물병원 진료비","https://pet.dudle.co.kr/cost/ulsan","COST_REGION","P0","","","","","",""
"세종 동물병원","https://pet.dudle.co.kr/hospital/sejong","HOSPITAL_REGION","P0","","","","","",""
"춘천 동물병원 진료비","https://pet.dudle.co.kr/cost/gangwon/chuncheon","COST_REGION","P0","","","","","",""
"포항 동물병원 진료비","https://pet.dudle.co.kr/cost/gyeongbuk/pohang","COST_REGION","P0","","","","","",""
"서초구 동물병원 진료비","https://pet.dudle.co.kr/cost/seoul/r-11650","COST_REGION","P0","","","","","",""
"춘천 동물병원","https://pet.dudle.co.kr/hospital/gangwon/r-51110","HOSPITAL_REGION","P0","","","","","",""
"해운대구 동물병원 진료비","https://pet.dudle.co.kr/cost/busan/r-26350","COST_REGION","P0","","","","","",""
"용인 동물병원 진료비","https://pet.dudle.co.kr/cost/gyeonggi/r-41460","COST_REGION","P0","","","","","",""
"순천 동물병원 진료비","https://pet.dudle.co.kr/cost/jeonnam-gwangju/suncheon","COST_REGION","P0","","","","","",""
"여수 동물병원 진료비","https://pet.dudle.co.kr/cost/jeonnam-gwangju/yeosu","COST_REGION","P0","","","","","",""
"순천 동물병원","https://pet.dudle.co.kr/hospital/jeonnam-gwangju/suncheon","HOSPITAL_REGION","P0","","","","","",""
"여수 동물병원","https://pet.dudle.co.kr/hospital/jeonnam-gwangju/yeosu","HOSPITAL_REGION","P0","","","","","",""
"인천 반려동물 장례식장","https://pet.dudle.co.kr/funeral/incheon","FUNERAL_REGION","P0","","","","","",""
"청주 반려동물 장례식장","https://pet.dudle.co.kr/funeral/chungbuk/r-43110","FUNERAL_REGION","P0","","","","","",""
"부산 반려동물 장례식장","https://pet.dudle.co.kr/funeral/busan","FUNERAL_REGION","P0","","","","","",""
"천안 반려동물 장례식장","https://pet.dudle.co.kr/funeral/chungnam/r-44130","FUNERAL_REGION","P0","","","","","",""
"대구 반려동물 장례식장","https://pet.dudle.co.kr/funeral/daegu","FUNERAL_REGION","P0","","","","","",""
"용인 반려동물 장례식장","https://pet.dudle.co.kr/funeral/gyeonggi/r-41460","FUNERAL_REGION","P0","","","","","",""
"제주 반려동물 장례식장","https://pet.dudle.co.kr/funeral/jeju","FUNERAL_REGION","P0","","","","","",""
"순천 반려동물 장례식장","https://pet.dudle.co.kr/funeral/jeonnam-gwangju/suncheon","FUNERAL_REGION","P0","","","","","",""
"울산 반려동물 장례식장","https://pet.dudle.co.kr/funeral/ulsan","FUNERAL_REGION","P0","","","","","",""
"경기 동물약국","https://pet.dudle.co.kr/pharmacy/gyeonggi","PHARMACY_REGION","P1","","","","","",""
"경기 동물병원","https://pet.dudle.co.kr/hospital/gyeonggi","HOSPITAL_REGION","P1","","","","","",""
"경상남 동물약국","https://pet.dudle.co.kr/pharmacy/gyeongnam","PHARMACY_REGION","P1","","","","","",""
"전남광주 동물약국","https://pet.dudle.co.kr/pharmacy/jeonnam-gwangju","PHARMACY_REGION","P1","","","","","",""
"경상북 동물약국","https://pet.dudle.co.kr/pharmacy/gyeongbuk","PHARMACY_REGION","P1","","","","","",""
"전북 동물약국","https://pet.dudle.co.kr/pharmacy/jeonbuk","PHARMACY_REGION","P1","","","","","",""
"충청남 동물약국","https://pet.dudle.co.kr/pharmacy/chungnam","PHARMACY_REGION","P1","","","","","",""
"전남광주 동물병원","https://pet.dudle.co.kr/hospital/jeonnam-gwangju","HOSPITAL_REGION","P1","","","","","",""
"경상남 동물병원","https://pet.dudle.co.kr/hospital/gyeongnam","HOSPITAL_REGION","P1","","","","","",""
"경상북 동물병원","https://pet.dudle.co.kr/hospital/gyeongbuk","HOSPITAL_REGION","P1","","","","","",""
"고양 동물약국","https://pet.dudle.co.kr/pharmacy/gyeonggi/r-41280","PHARMACY_REGION","P1","","","","","",""
"강원 동물약국","https://pet.dudle.co.kr/pharmacy/gangwon","PHARMACY_REGION","P1","","","","","",""
"충청남 동물병원","https://pet.dudle.co.kr/hospital/chungnam","HOSPITAL_REGION","P1","","","","","",""
"충청북 동물약국","https://pet.dudle.co.kr/pharmacy/chungbuk","PHARMACY_REGION","P1","","","","","",""
"부천 동물약국","https://pet.dudle.co.kr/pharmacy/gyeonggi/r-41190","PHARMACY_REGION","P1","","","","","",""
"화성 동물약국","https://pet.dudle.co.kr/pharmacy/gyeonggi/r-41590","PHARMACY_REGION","P1","","","","","",""
"전북 동물병원","https://pet.dudle.co.kr/hospital/jeonbuk","HOSPITAL_REGION","P1","","","","","",""
"남양주 동물약국","https://pet.dudle.co.kr/pharmacy/gyeonggi/r-41360","PHARMACY_REGION","P1","","","","","",""
"안산 동물약국","https://pet.dudle.co.kr/pharmacy/gyeonggi/r-41270","PHARMACY_REGION","P1","","","","","",""
"충청북 동물병원","https://pet.dudle.co.kr/hospital/chungbuk","HOSPITAL_REGION","P1","","","","","",""
"안양 동물약국","https://pet.dudle.co.kr/pharmacy/gyeonggi/r-41170","PHARMACY_REGION","P1","","","","","",""
"강원 동물병원","https://pet.dudle.co.kr/hospital/gangwon","HOSPITAL_REGION","P1","","","","","",""
